Award ID,Current Status,Detailed Status,Grant Title,Grant Abstract,Estimated Funds Promised,Funds Obligated Before Disruption,Funds Spent Before Disruption,Funds Remaining Before Disruption,Earliest Disruption,Disruption Indicators,Latest Restoration,Restoration Indicator,Project Start Date,Project End Date (Original),Directorate,Division,Assistance Listing Code,Assistance Listing Title,Funding Opportunity Code,Grantee Organization,Grantee State,Grantee City,Grantee Congressional District,USAspending,NSF.gov
2201974,Disrupted,Terminated,Conference: Banff International Research Station,"This award provides fund to support participation of US-based mathematical scientists in activities conducted at BIRS. The Banff International Research Station (BIRS) is a research infrastructure dedicated to all aspects of mathematical sciences, including pure and applied math, computer science, statistics, physics, biology, data science and their myriad synergies. Its mission is to facilitate mathematical innovation and discovery at the highest international level through collaborative research and cross-disciplinary synergy. It also plays an important role in talent development, by creating impactful meetings between the future STEM workforce and academic, industrial and government leaders in their fields. Since its inception in 2003, BIRS has expanded into five centers, with primary location in Banff, Alberta. It maintains a presence in four different countries (Canada, Mexico, China and Spain). A cherished meeting place for scientists, educators and scholars, BIRS's intense and immersive programs have acquired global distinction as incubators of transformative ideas and breakthroughs at the frontiers of research. Its unique environment promotes creativity, innovation and exchange of knowledge. BIRS programming reaches far beyond the traditional model of workshops and conferences; it builds bridges between academia, industry and government, with lasting impact on the scientific landscape. Best practices in equity, diversity and inclusion, facilitation of training and mentorship are incorporated in every aspect of BIRS operations, from proposal selection to program delivery, ensuring a balanced representation of groups, expertise and career stages in each cohort.


BIRS's post-COVID planning involves programming expansion and development in a number of new directions. Transition to the hybrid format has resulted in global access to all BIRS programs. The new ""BIRS Now!'' has generated a nimble way to create high impact collision venues on topics that demand rapid response from research. Such topics include climate change, clean energy, infectious disease modelling, vaccine distribution and fairness, national quantum strategy, responsible development of artificial intelligence, cybersecurity, blockchain and others. The regularly offered ""Career and Innovation Hub"" introduces students and early career researchers to emerging career opportunities in science and technology sectors. Annual summer schools, some in partnership with other institutes, train undergraduate and graduate students in emerging areas following recent breakthroughs that have potential for future growth. Programs like ""Focused Research Groups"", ""Research in Teams"" and ""Group follow-ons""  provide opportunities of distraction-free research to small teams of collaborators, sometimes for projects started at other BIRS events. In 2022-2027, at least 3943 US scientists are expected to visit BIRS. This award, which has been deemed worthy of support through peer-reviewed evaluation using NSF's intellectual merit and broader impacts review criteria, will be used exclusively for supporting participation of US-based mathematicians at BIRS activities.

This award reflects NSF's statutory mission and has been deemed worthy of support through evaluation using the Foundation's intellectual merit and broader impacts review criteria.",4466668,2666668,1704327.4699999997,2762340.5300000003,2026-05-13,research.gov API,N/A,N/A,2023-04-01,2028-03-31,Mathematical and Physical Sciences,Mathematical Sciences,47.049,MATHEMATICAL AND PHYSICAL SCIENCES,21-541,University of British Columbia,N/A,VANCOUVER,N/A,https://www.usaspending.gov/award/ASST_NON_2201974_049/,https://www.nsf.gov/awardsearch/show-award?AWD_ID=2201974
2243973,Disrupted,Terminated,REU Site: Equitable Data Science in Adolescent Development,"This project is funded from the Research Experiences for Undergraduates (REU) Sites program in the Directorate for Social, Behavioral, and Economic Sciences (SBE). Equitable data science investigates how biases in the data, the analysis of the data, and the interpretation of results can reinforce long-standing inequalities in our society and also create new inequities and disparities. Thus, it is critical to train the next generation of data scientists to develop methods and analyze data responsibly. This interdisciplinary project will provide undergraduate students with training in equitable data science to build their research skills in data science, statistical modeling and machine learning, and scientific communication. Through this training the students will learn how data sources, analysis methods, and the interpretation of results can reflect, reinforce, and mitigate systemic inequalities. The students will be trained to prioritize equity when approaching data-centered projects. These projects will lead to publicly-available software and reports that bring awareness to societal inequities and inform discussions on how to address them. Finally, the students will disseminate their work via a community event, which will inspire future research and connect the community with equity-related research. 

Developing skills in equitable data science are invaluable towards enhancing scientific rigor while balancing fairness and equity in scientific research. During the 10-week program, students will build research skills in equitable data science and answer equity-oriented research questions about adolescent development using data from the Adolescent Brain Cognitive Development (ABCD) Study. Topics on diversity, equity, and inclusion (DEI) and their role in data science form the foundations of this program, emphasized early through DEI modules and discussions. Students will learn the causes and consequences of social inequality and how these inequalities manifest themselves in scientific research, from the data itself to the interpretation of results. The program continues with extensive technical training in R for programming, statistical modeling, and data visualization. Weekly workshops will provide technical training on topics ranging from statistics and machine learning to large-scale programming. Seminars and professional development events will be held every other week so that students will hear from researchers about their work on social and health inequities, prepare students for graduate school or the job market, and provide students with networking opportunities. Hackathons will also be held every other week so that students can gain experiences in equitable data science beyond the data from the ABCD Study. The 10-week program culminates in a public-facing event, giving the students the opportunity to present their work to the community and engage with the community in dialogue around DEI.

This award reflects NSF's statutory mission and has been deemed worthy of support through evaluation using the Foundation's intellectual merit and broader impacts review criteria.",404980,404980,256767.16,148212.84,2026-05-13,Other Reporting,N/A,N/A,2023-09-15,2026-08-31,"Social, Behavioral and Economic Sciences",Multidisciplinary Activities,47.075,"SOCIAL, BEHAVIORAL, AND ECONOMIC SCIENCES",22-601,University of Minnesota-Twin Cities,MN,MINNEAPOLIS,MN-05,https://www.usaspending.gov/award/ASST_NON_2243973_049/,https://www.nsf.gov/awardsearch/show-award?AWD_ID=2243973
2327031,Disrupted,Terminated,Collaborative Research: Bounding global ice volumes over the last glacial cycle using reconstructions of Bering Strait flooding,"The stability of Earth’s ice sheets in the past informs our understanding of their resilience in the face of a warming climate. Knowing the magnitude and timing of global ice sheet changes is important for understanding how past ice sheet change related to climate change. However, we know little about how dynamic ice sheets were prior to 26,000 years ago, when ice sheets were at their largest. This project will use new geochemical tools to tell when the Bering Strait was flooded or exposed during the last glacial cycle (the past 120,000 years). In combination with computer model simulations, this information will be used to bound previously unknown global ice volume histories over this time. Further, this project will support a PhD student, who will learn about how science can produce social inequities through the UC Santa Cruz Science & Justice Research Center. PI Pico will develop innovative teaching tools for making legible the roots of geoscience culture in scientific racism and imperialism. These tools will be included in courses taught at UC Santa Cruz and Princeton. Finally, all personnel will participate in the outreach to the Alaska Native Science & Engineering Program.

The history of global ice sheet growth leading into the Last Glacial Maximum is poorly constrained, as advancing ice sheets and subsequent sea-level rise during deglaciation destroyed evidence of past ice margins and coastlines. To address this uncertainty, this project will develop a continuous, non-traditional sea-level reconstruction over the last glacial cycle (120,000 years) by constraining the flooding history of the Bering Strait. Measuring nitrogen isotope ratios of organic matter protected within the shell walls of Arctic planktic foraminifera will elucidate the past connectivity of the North Pacific and Arctic Oceans, thus constraining the local sea-level history at the Bering Strait. State-of-the-art glacial isostatic adjustment sea-level simulations will be performed using the range of uncertainty on global ice volumes to model local sea level at the Bering Strait. Finally, this continuous Bering Strait flooding reconstruction will be used to test the plausibility of different global ice volume histories, and thus bound global mean sea-level highstands and lowstands before the Last Glacial Maximum.

This award reflects NSF's statutory mission and has been deemed worthy of support through evaluation using the Foundation's intellectual merit and broader impacts review criteria.",313799,250473,250467.95,63331.04999999999,2026-05-13,"Reported to GW, Other Reporting",N/A,N/A,2023-01-15,2026-06-30,Geosciences,Ocean Sciences,47.050,GEOSCIENCES,PD-17-1620,University of Massachusetts Boston,MA,DORCHESTER,MA-08,https://www.usaspending.gov/award/ASST_NON_2327031_049/,https://www.nsf.gov/awardsearch/show-award?AWD_ID=2327031
2504217,Disrupted,Terminated,EAGER: LGBTQI+ DCL:Exploring the influence of community cultural wealth on nonbinary engineering students professional formation,"Current and future US engineering workforce demands require research to better understand how to support the professional formation of all engineering students. The number of enrolled engineering students nation-wide had the sharpest decline in a generation. Further complicating the problem is the decreased math and reading scores across the US since the pandemic, adding an additional filter of who can enter into engineering. Projected national shortages of engineers are in the tens and hundreds of thousands of workers in some sectors. Simultaneously, fewer young people are entering into four-year degrees. Once a student has enrolled in an undergraduate engineering program, they become a valuable asset for meeting the workforce demands and need support to continue in their professional formation. However, researchers have found that some subgroups of students are at a particularly high-risk of leaving engineering. Among those subgroups of at-risk learners are nonbinary engineering students. Researchers know very little about factors supporting or hindering nonbinary students engineering professional formation. This project serves to help understand how these students leverage identity-specific strengths from their communities, known as community cultural wealth, to succeed in their academic careers. This novel, transformational EAGER proposal will explore their community cultural wealth—that is, for example, how these students sustain hopes and goals, successfully navigate their majors, receive support from family-style relationships, leverage their social network, transgress expectations and resist negative stereotypes and microaggressions—as a means to thrive in engineering. We will interview twenty nonbinary engineering students at various stages of their academic careers using narrative inquiry. Through this project, we aim to raise awareness of the unique assets of the nonbinary engineering community so that engineering students feel affirmed and heard, and engineering educators may design inclusive education practices and advocate on behalf of the nonbinary community in engineering. This project outcomes will result in the development of resources that can be shared to support the professional formation of nonbinary students, as well as the broader engineering student population. 

The purpose of this asset-based qualitative study is to investigate how nonbinary engineering students leverage their community cultural wealth to support their wellbeing, belonging, and persistence during their professional formation. We are guided by two research questions: 1) How do nonbinary engineering students access community cultural wealth within engineering and queer communities, and 2) how do nonbinary engineering students mobilize their cultural capital to support their wellbeing, sense of belonging and persistence? We will interview 20 engineering students at various stages of their professional formation using composite narrative inquiry and critical incident technique. By interviewing students at various stages of professional formation, we will explore how capital is accrued and how different forms of capital impact students’ persistence at differing stages of their identity development. Our findings will generate new knowledge about how nonbinary students draw upon their personal assets and those of the LGBTQ+ and ally communities during their professional formation. Nonbinary participants will benefit from being heard, affirmed, and seen throughout the interview process, and from reading the narratives of other nonbinary engineering students leveraging their assets to persist, belong and thrive in engineering. To reach students outside of the study, we will disseminate the composite narratives to LGBTQ+ STEM focused social media and professional organizations.

This award reflects NSF's statutory mission and has been deemed worthy of support through evaluation using the Foundation's intellectual merit and broader impacts review criteria.",292815,292815,127974.03,164840.97,2026-05-08,research.gov API,N/A,N/A,2025-06-01,2027-05-31,Engineering,Engineering Education and Centers,47.041,ENGINEERING,PD-24-1340,Purdue University,IN,WEST LAFAYETTE,IN-04,https://www.usaspending.gov/award/ASST_NON_2504217_049/,https://www.nsf.gov/awardsearch/show-award?AWD_ID=2504217
2340661,Disrupted,Terminated,CAREER: Skin Color and Inequality: Measurement and Mitigation,"Skin color discrimination, regardless of race, is common across societies around the world.  Also known as colorism, it typically manifests itself in favoring lighter skin over darker skin and has been found to be an important predictor of many outcomes, including occupation, educational attainment, criminal justice system involvement, and marital outcomes, among others.  However, there is no objective way of measuring skin color.  This CAREER award will fund research to develop new methods, based on artificial intelligence technology, to accurately measure skin tone, for a large number of young people and make the data available to other researchers.  This will allow more research on the relationship between skin tone and several outcomes.  The research will also use the data to investigate how skin tone affects who is chosen to participate in crime intervention programs as well as parental investments in their children’s education.  The results of this research will provide inputs into efforts to reduce differential opportunities based in skin tone differences.  This will improve the overall quality of the US labor force, increase productivity, economic growth, and improve the well-being of citizens.  The results of this research will also help establish the US as a global leader in reducing the effects of colorism on outcomes.  


Despite the potential distortionary effects on decision-making, colorism has been understudied in the economics literature, partly because it is difficult to measure colorism. The first part of this CAREER research award will develop AI and neural networks assisted computational protocols to systematically classify skin color that is scalable, replicable, accounts for local knowledge in a study setting, and use the protocols to create a large data set on skin color. The methods and data collected will open new avenues of inquiry across the social sciences, medicine, humanities, and law.  The research project will also study how individual-level  interventions, such as those related to education and other human capital investments, and empowerment programs, may be causally influenced by colorism. This part of this research will also study the  heterogeneous impacts of interventions based on skin color, as well as explore potential underlying mechanisms that contribute to these differential effects. The results of this research will provide inputs into efforts to reduce differential opportunities to people based on skin color; efforts that are likely to improve the overall quality of the US labor force, increase productivity, economics growth, and the well-being of American citizens.  The results of this research will also help establish the US as the global leader in reducing the effects of colorism on many outcomes.

This award reflects NSF's statutory mission and has been deemed worthy of support through evaluation using the Foundation's intellectual merit and broader impacts review criteria.",563639,321061,260066.69,303572.31,2026-04-21,"Other Reporting, research.gov API",N/A,N/A,2024-07-01,2029-06-30,"Social, Behavioral and Economic Sciences",Social and Economic Sciences,47.075,"SOCIAL, BEHAVIORAL, AND ECONOMIC SCIENCES",22-586,University of Chicago,IL,CHICAGO,IL-01,https://www.usaspending.gov/award/ASST_NON_2340661_049/,https://www.nsf.gov/awardsearch/show-award?AWD_ID=2340661
2241805,Disrupted,Terminated,Supporting Rightful Presence in Museum Spaces: Youth as Participatory Designers of Indigenous Mixed Reality Science Exhibits,"This project will address the ongoing marginalization of Indigenous communities in informal science learning spaces by developing and studying a model that strengthens Indigenous youths’ disposition toward, and capacity for STEM pathways. Science centers and museums play an important role in promoting science learning outside of schools. However, they are often perceived by communities historically and chronically marginalized in science as unwelcoming and/or culturally irrelevant. Merely increasing access for Indigenous communities is insufficient to promote equitable, affirming, and just engagement with science learning. Instead, asset-based approaches that center nondominant cultures are needed to advance more expansive and transformative models of science that promote rightful presence: the idea that visitors will experience a sense of belonging and respect. Building on a partnership between University of California’s Lawrence Hall of Science and mak-’amham, an Indigenous Ohlone cultural organization that empowers Ohlone people with a rich cultural identity, the project will engage Ohlone youth (ages 10-16) in iterative cycles of participatory design and prototyping to create immersive Indigenous science exhibit experiences using mixed reality technologies. In centering Indigenous perspectives within science and technology learning experiences and highlighting connections between Indigenous cultural identities and contemporary STEM career pathways, the project aims to reframe STEM learning to increase Indigenous youth’s rightful presence in informal STEM learning spaces, with the potential to lead to a more diverse STEM workforce. 

The project team will employ participatory design-based research methodologies to investigate the following three research questions: 1) What are the outcomes of youth participation in the design of mixed reality exhibits? a) How do youth develop a sense of belonging, science identity, and STEM career interest, and in what ways do these make visible and amplify their rightful presence in informal science education spaces? b) How do youth deepen and construct new STEM knowledge through Indigenous Science-based participatory design? 2) How can a participatory design model be developed in ways that center Indigenous Science and contribute to Indigenous rightful presence in informal science education? 3) How can informal science educators be supported to make sense of and center Indigenous Science? In collaboration with an Ohlone Research Advisory Committee, the project team will analyze the following data: interviews with focal youth; artifact-elicited focus groups; ethnographic observations of design workshops and reflective conversations; and design artifacts gathered from youth design teams. By engaging a total of 70 Indigenous youth directly, project research will investigate the impact of the participatory design model on youths’ STEM learning, science identity, and interest in STEM careers, and advance understanding of design practices that contribute to rightful presence for Indigenous youth. The research will also generate insights into how to support informal science educators in facilitating Indigenous-centered learning experiences. Project findings will be disseminated to informal science and technology learning communities to support principled adaptation of the Indigenous Science youth participatory design model in informal science education contexts. This project is funded by the Innovative Technology Experiences for Students and Teachers (ITEST) program, which supports projects that build understandings of practices, program elements, contexts and processes contributing to increasing students' knowledge and interest in science, technology, engineering, and mathematics (STEM) and information and communication technology (ICT) careers.

This award reflects NSF's statutory mission and has been deemed worthy of support through evaluation using the Foundation's intellectual merit and broader impacts review criteria.",1391279,1391279,563733.23,728564.77,2025-04-25,"Added to NSF list, Reported to GW, Other Reporting",2025-06-30,Thakur v. Trump (Jun 2025),2023-06-01,2026-11-30,STEM Education,Research on Learning in Formal and Informal Settings,47.076,STEM EDUCATION (FORMERLY EDUCATION AND HUMAN RESOURCES),22-585,University of California-Berkeley,CA,BERKELEY,CA-12,https://www.usaspending.gov/award/ASST_NON_2241805_049/,https://www.nsf.gov/awardsearch/show-award?AWD_ID=2241805
2243822,Disrupted,Terminated,"NRT-HDR: Computational Research for Equity in the Legal System"" (CRELS)","The criminal legal system is an important driver of inequities and social and economic polarization, and legal institutions are at the leading edge of use – and misuse – of artificial intelligence. The increasing availability of “big data” from (and about) criminal legal systems – and the people who are enmeshed in them – provides a new opportunity to illuminate inequities and their sources. This National Science Foundation Research Traineeship (NRT) award to the University of California, Berkeley will develop novel interventions to reduce inequities and their resulting harms  in criminal legal systems.  New scientific knowledge will be generated through the development of tools for large-scale, ""human-in-the-loop"" analysis of criminal justice data, and will be used in the generation of new insights regarding legal system processes, impacts, and institutions. Faculty and trainees will collaborate across disciplines to simultaneously address social-science and policy questions regarding equity and criminal legal institutions, the development of tools and methods for leveraging newly available data from the criminal legal system, and ethical and social implications of big data and AI in the context of criminal justice. This NRT will train a new generation of researchers interested in computational approaches to equity and legal systems, enabling them to develop and evaluate public policy solutions that can mitigate social and economic polarization. It will also train a diverse workforce with flexible and transferrable computational skills, while also training social and data scientists in ethical AI and its social implications. It will create a transformative, cross-disciplinary model for graduate training at Berkeley and elsewhere, while also developing a broad-based recruiting and mentoring program to enhance training of students from underrepresented groups, which, in turn, helps to diversify the STEM workforce. The project anticipates training 50 PhD students, including 25 funded trainees, from the Social Sciences, Computer Science, and Statistics.  

Recent public and policy interest in the criminal legal system coupled with new government efforts to make data public and leverage data for public policy creates new opportunities to study the criminal legal system, but only if such data can be made ready for analysis. The criminal legal system is critical terrain for evaluating how pervasive data collection and algorithmic decision-making can be brought into the service of society, while addressing potent challenges that can accompany these approaches. Big data and AI can give us broader and more precise knowledge of the dynamics of social systems and hold potential to increase transparency and support fairer decision-making. At the same time, areas relating to criminal justice have seen a massive expansion of surveillance, data production and reuse, and algorithmic decision-making often without oversight, recourse, or evidence about effectiveness in addressing underlying issues. Data technologies in criminal justice have grounded new social schema of classification and accompanying social hierarchies – from recidivism risk scores to predictive policing – with important implications for opportunity and life chances. Our goal is to develop tools for continuous ingestion, integration, and cleaning of structured and unstructured data, and the analysis of such data. Using a combination of large pre-trained AI models coupled with data management and human-computer interaction techniques, we will develop tools to ingest information from various government and online sources, turning it into structured data for analysis. These efforts will lead to novel and generalizable tools for semi-autonomous and continuous data processing, as well as integration at scale, that also preserves privacy and promotes equity.

The NSF Research Traineeship (NRT) Program is designed to encourage the development and implementation of bold, new potentially transformative models for STEM graduate education training. The program is dedicated to effective training of STEM graduate students in high priority interdisciplinary or convergent research areas through comprehensive traineeship models that are innovative, evidence-based, and aligned with changing workforce and research needs.

This award reflects NSF's statutory mission and has been deemed worthy of support through evaluation using the Foundation's intellectual merit and broader impacts review criteria.",3000000,3000000,753087.8999999999,2246912.1,2025-04-18,"Added to NSF list, Reported to GW, Other Reporting",2025-06-30,Thakur v. Trump (Jun 2025),2023-07-01,2028-06-30,STEM Education,Graduate Education,47.076,STEM EDUCATION (FORMERLY EDUCATION AND HUMAN RESOURCES),21-536,University of California-Berkeley,CA,BERKELEY,CA-12,https://www.usaspending.gov/award/ASST_NON_2243822_049/,https://www.nsf.gov/awardsearch/show-award?AWD_ID=2243822
2004642,Disrupted,Terminated,Collaborative Research:  Frameworks: Internet of Samples: Toward an Interdisciplinary Cyberinfrastructure for Material Samples,"Research frequently uses material samples as a basic element for reference, study, and experimentation in many scientific disciplines, especially in the natural and environmental sciences, material sciences, agriculture, physical anthropology, archaeology, and biomedicine. Observations made on samples collected in the field and in the laboratory constitute a critical data resource for research that addresses grand challenges of our planet's future sustainability, from environmental change; to food, energy, and water resources; to natural hazards and their mitigation; to public health. The large investments of public funds being made to curate huge volumes of samples acquired over decades or even centuries, and to collect and analyze new samples, demand that these samples be openly accessible, easily discoverable, and documented with sufficient information to make them reusable. The current ecosystem of sample and sample data management in the U.S. and globally is highly fragmented across stakeholders, including museums, federal agencies, academic institutions, and individual researchers, with a multitude of institutional and discipline-specific catalogs, practices for sample identification, and protocols for describing samples. The iSamples project is a multi-disciplinary collaboration that will develop a national digital infrastructure to provide services for globally unique, consistent, and convenient identification of material samples; metadata about them; and linking them to other samples, derived data, and research results published in the literature. iSamples builds on previous initiatives to achieve these goals by providing material samples with globally unique, persistent identifiers that reliably link to landing pages with metadata describing the sample and its provenance, and which allow unambiguously linking samples with data and publications. Leveraging significant national investments, iSamples provides the missing link among (i) physical collections (e.g., natural history museums, herbaria, biobanks), (ii) field stations, marine laboratories, long-term ecological research sites, and observatories, and (iii) data repositories and cyberinfrastructure. iSamples delivers enhanced infrastructure for STEM research and education, decision-makers, and the general public. iSamples benefits national security and resource management by offering a means to assure sample provenance, improving scientific reproducibility and demonstrating compliance with ethical standards, national regulations, and international treaties.

The Internet of Samples (iSamples) is a multi-disciplinary and multi-institutional project to design, develop, and promote service infrastructure to uniquely, consistently, and conveniently identify material samples, record metadata about them, and persistently link them to other samples and derived digital content, including images, data, and publications. The project will create a flexible and scalable architecture to ensure broad adoption and implementation by diverse stakeholders. iSamples will build upon existing identifier infrastructure such as IGSNs (Global Sample Number;) and ARKs (Archival Resource Keys), but is agnostic to identifier type. Likewise, iSamples will encourage a high-level metadata standard for natural history samples (across biosciences, geosciences, and archaeology), while supporting community-developed metadata standards in specialist domains. Through integration with established discipline-specific infrastructure at the System for Earth Sample Registration SESAR (geoscience), CyVerse (bioscience), and Open Context (archaeology), iSamples will extend existing capabilities, enhance consistency, and expand their reach to serve science and society much more broadly. The project includes three main objectives: 1) Design and develop iSamples infrastructure (iSamples in a Box and iSamples Central); 2) Build four initial implementations of iSamples for adoption and use case testing (Open Context, GEOME, SESAR, and Smithsonian Institution); and 3) Conduct outreach and community engagement to developers, individual researchers, and international organizations concerned with material samples. The project will follow an agile development process that includes community engagement as an important element of creating software requirements and an implementation timeline.

This award reflects NSF's statutory mission and has been deemed worthy of support through evaluation using the Foundation's intellectual merit and broader impacts review criteria.",887476,887476,596859.87,290616.13,2026-04-13,Other Reporting,N/A,N/A,2020-08-15,2026-07-31,Computer and Information Science and Engineering,Office of Advanced Cyberinfrastructure,47.070,COMPUTER AND INFORMATION SCIENCE AND ENGINEERING,N/A,University of California-Berkeley,CA,BERKELEY,CA-12,https://www.usaspending.gov/award/ASST_NON_2004642_049/,https://www.nsf.gov/awardsearch/show-award?AWD_ID=2004642
2021299,Disrupted,Terminated,"NSFGEO-NERC Collaborative Research: Coupling Erosion, Weathering, and Hydrologic Function in an Active Orogenic System","Mountain ranges are some of the most spectacular features of the Earth’s surface, but their importance extends far beyond their photogenic nature. Mountains play critical roles in sustaining key natural resources, such as supplying fresh water to large human populations. Mountainous regions are the site of many destructive natural hazards, such as landslides and floods. In addition, mountains are where fresh rocks are exposed to water and the atmosphere, resulting in chemical reactions that can modify carbon dioxide and climate over geologic time. These processes are all closely interconnected, yet they have been largely studied in isolation. This project will examine the physical and chemical transformation of rock together with the flow of water and Earth materials within the scope of one integrated research endeavor. The project will examine these processes in a valley in the Himalaya Mountains of Nepal where topography changes from more subdued in the south to high mountains in the north. Cutting-edge techniques for documenting the nature and rate of landscape change will be applied to determine the role of mountains in the Earth system. Models that illustrate how all these processes interact and the effects they produce will be developed to forecast future changes and apply the results to other regions. The research will involve training of multiple graduate and undergraduate researchers and will involve collaboration among researchers from four countries. 

The collisional boundaries between Earth’s tectonic plates produce dramatic mountain ranges that generate destructive natural hazards as well as chemical and physical exchanges that control the surface environment. This project will comprise a multi-disciplinary investigation of four interrelated problems: (1) how rock is transformed physically and chemically during exhumation in tectonically-active mountains; (2) how the steep mountainous topography of active orogens develops, and particularly what the role is for landslides; (3) how water makes its way from precipitation, through the subsurface, and into streams and rivers draining active orogens; and (4) how chemical weathering depends on tectonic and climatic conditions in these settings. The project will investigate the Melamchi Khola valley in central Nepal, where a pronounced south-to-north gradient in exhumation rate offers an ideal opportunity to document system-level relationships among tectonics, topographic evolution, erosion, hydrology, and chemical weathering in an archetypal setting of collisional tectonics. The research will (1) characterize rock mass across scales from the micron to kilometer, including via geophysical imaging, borehole drilling, and rock testing; (2) quantify water transit times and chemical weathering reactions and fluxes, via groundwater dating, stream and spring monitoring, and reactive transport modeling; and (3) develop models of landscape evolution that account for the interconnected processes that regulate landslides, which are the primary vehicles for hillslope erosion in these settings. The project includes diverse opportunities for student education, development of international collaboration. A summer school for early-career researchers will expand the educational reach, and a short course on active source seismology will be held in Kathmandu to broaden the training opportunities for Nepali scientists.

This award reflects NSF's statutory mission and has been deemed worthy of support through evaluation using the Foundation's intellectual merit and broader impacts review criteria.",451243,451243,368947.42,82295.58000000002,2026-04-13,Other Reporting,N/A,N/A,2020-09-15,2026-08-31,Geosciences,Earth Sciences,47.050,GEOSCIENCES,20-509,University of California-Berkeley,CA,BERKELEY,CA-12,https://www.usaspending.gov/award/ASST_NON_2021299_049/,https://www.nsf.gov/awardsearch/show-award?AWD_ID=2021299
2034264,Disrupted,Terminated,TRTech-PGR: NSF BSF - Recombining Allelic Diversity via Genome Editing for Dissecting Complex Plant Traits,"Global sustainability efforts rely on improvements in plant breeding technology particularly for crops of relevance for human consumption such as cereal crops. Wild relatives of domesticated plants harbor many of the genes that enable plants to become robust against stress. However, our ability to identify these genes and allocate their function to plant stress resilience has been difficult due to the low throughput of experiments needed to identify plant resilience genes. A main bottleneck limiting the throughput of testing crop genetic resilience is the ability to deliver biological molecules into plant cells, where the plant cell wall presents a largely impenetrable barrier for the introduction of the molecular biology tools needed for plant genetic mapping. In this project, nanoparticles will be developed to deliver genetic material into plant cells, with a focus on cereal crop barley. These nanoparticles will be chemically functionalized to deliver genome editing cargoes into plants, which will enable probing of specific plant genes in their relevance for plant stress tolerance. The project will seek to identify what genes enable cereal crops to be robust against environmental stress, and to leverage this knowledge to learn about stress tolerance in other crops of relevance for the global food supply. The research above will also support underrepresented undergraduate students as research trainees for the synthesis and characterization of nanomaterials and will develop a student workshop on nanomaterials science. 

The ability to study genotype to phenotype relationships in plants is critical for identification of plant biotic and abiotic stress genes. Specifically, crop wild relatives harbor genes that confer traits relevant for crop adaptation to climate change. Mapping genotype to phenotype relationships through functional genomics has benefitted greatly from the emergence of CRISPR genome editing technologies. However, the efficiency of genome editing in plants limits the utility of this method for functional genomics. In this project, nanoparticles will be developed for the physiochemical adsorption of CRISPR-based DNA plasmids and, separately, Cas9-gRNA ribonucleoprotein complexes. These nanoparticle-biomolecule cargo complexes will be tested for delivery and genome editing efficacy in model plants and in the cereal crop barley. The ability to deliver CRISPR plasmids in a non-integrating manner or to achieve DNA-free genome editing through Cas9-gRNA complex delivery would enable faster and more precise mapping of plant traits by avoiding transgene integration and the need for transgene segregation. Furthermore, the abiotic nature of nanoparticle-based DNA or protein delivery may enable facile genetic manipulation and functional genomics in other crops of relevance beyond those tested in the current work. In addition to the above efforts, this proposal will support training of undergraduate students from the Society for the Advancement of Chicanos and Native Americans in Science, and the development of a workshop to teach nanomaterials science to students from a broad variety of backgrounds.

This award reflects NSF's statutory mission and has been deemed worthy of support through evaluation using the Foundation's intellectual merit and broader impacts review criteria.",600000,600000,474524.03,125475.96999999997,2026-04-13,Other Reporting,N/A,N/A,2021-07-01,2026-06-30,Biological Sciences,Integrative Organismal Systems,47.074,BIOLOGICAL SCIENCES,N/A,University of California-Berkeley,CA,BERKELEY,CA-12,https://www.usaspending.gov/award/ASST_NON_2034264_049/,https://www.nsf.gov/awardsearch/show-award?AWD_ID=2034264
2125913,Disrupted,Terminated,NRT-AI: Digital Transformation of Development (DToD),"Over the past two decades, a massive amount of digital information has become available on every aspect of human existence, from income and climate to housing and health. Combining these data from the Internet of Things, and drawing on techniques for analyzing them through Artificial Intelligence/Machine Learning (AI/ML), is now considered crucial for progress in all sectors. Digital transformation is the staple of multiple sectors of industry and commerce. However, more far-reaching consequences of digital transformation for poverty alleviation, humanitarian assistance, disaster relief, and, more generally, improving outcomes for under-resourced or low-income populations are understudied. This National Science Foundation Research Traineeship (NRT) award to the University of California-Berkeley will allow us to provide interdisciplinary training for our students in design methodologies, algorithms, and problem-solving approaches to substantively analyze, ethically investigate, and develop verifiable, fair, inclusive, and useful observations from datasets and models. From these insights, students will be able to devise and deploy digital tools to accelerate growth for low-income populations in the U.S. and globally. The project anticipates training 100 master’s and doctoral students, including 28 NRT-funded trainees, from any degree program at the university that expresses interest in researching digital transformation of development (DToD). A key concern has been how the analytics and other mechanisms developed using big data benefit the populations surveyed. By ensuring that the analytic techniques and algorithms, privacy, fairness, mechanism design, and implementation of digital technology are relevant to under-served populations, the DToD traineeship also expects to increase diversity and inclusion of members of underrepresented minority groups in STEM.

The DToD program will include interdisciplinary research activities, formal coursework and curriculum building, immersive lab and field training, the creation of official DToD concentrations at both the doctoral and master’s degree levels, and career development. In addition, the program’s effectiveness in developing critical skillsets for multinational workforces will be assessed through formative evaluation. The program will rely on both interdisciplinary research faculty and development practitioners in three broad application areas: (1) Measures for Alleviating Poverty with Data, Algorithms, and AI Applied to Policy; (2) Poverty Interventions that Integrate the Natural and Built Environments in Low-Resource Settings; and (3) Improving Health and Wellbeing in Low-Income Populations. DToD will also contribute to the development of shared public datasets aligned with  national strategies and priorities related to advancing AI.

The NSF Research Traineeship (NRT) Program is designed to encourage the development and implementation of bold, new, potentially transformative models for STEM graduate education training. The program is dedicated to effective training of STEM graduate students in high-priority interdisciplinary or convergent research areas through comprehensive traineeship models that are innovative, evidence-based, and aligned with changing workforce and research needs.

This award reflects NSF's statutory mission and has been deemed worthy of support through evaluation using the Foundation's intellectual merit and broader impacts review criteria.",3000000,3000000,2240014.89,759985.1099999999,2026-04-13,Other Reporting,N/A,N/A,2021-09-01,2027-08-31,STEM Education,Graduate Education,47.076,STEM EDUCATION (FORMERLY EDUCATION AND HUMAN RESOURCES),N/A,University of California-Berkeley,CA,BERKELEY,CA-12,https://www.usaspending.gov/award/ASST_NON_2125913_049/,https://www.nsf.gov/awardsearch/show-award?AWD_ID=2125913
2203907,Disrupted,Terminated,Ion Hydration and Nanodrops in Mass Spectrometry,"With support from the Chemical Measurement and Imaging Program in the Division of Chemistry, Professor Evan Williams and his group at the University of California, Berkeley are investigating the chemistry and physics of charged aqueous nanodrops, with particular focus on characteristics relevant to the capabilities of electrospray ionization mass spectrometry (ESI MS), a revolutionary chemical analysis method for which John B. Fenn received the Nobel Prize in Chemistry in 2002.  The Williams lab is investigating how the size and shape of ESI droplet emitters affect the initial droplet size and resulting performance of ESI MS.  Charge detection mass spectrometry - a technique that is being developed in the Williams lab - is used to weigh both droplets and residues from dehydrated droplets in order to infer information about initial droplet sizes.  The physics of droplet breakup from excess charge is also probed using this device, with goals of improved understanding of the ion formation process, and improved analytical performance.  Computational modeling supports these efforts, providing a more detailed understanding of the physics behind these processes.  The nanoscale emitters enable measurements from biochemical systems using the same types of buffers as used for measurements with other methods.  Heating these emitters enables assessment of the thermal stabilities of proteins and protein complexes - information that is important in understanding phenomena such as drug-target interactions and protein therapeutics.  A laser heating method that extends these measurements to aggregation-prone proteins and improves measurement speed by at least a factor of ten is being developed and could replace traditional methods that are widely used in protein chemistry and in pharmaceutical labs.  Students working on this project learn important skills, including how to design rigorous experiments, to interpret data without bias, and to communicate their results to the broader community.

The Williams lab is studying the chemistry and physics of charged aqueous nanodrops with diameters between ~10 nm and 1 micron formed using custom electrospray emitters.  Charge detection mass spectrometry provides a means of detecting how the emitter tip diameter and taper affect the initial nanodrop sizes, and to establish conditions needed to achieve a single analyte molecule per droplet.  The work seeks improved understanding of how analyte ions are formed from charged nanodrops and how anions affect cation emission.  Molecular dynamics simulations of ion emission of small folded proteins are being tested through direct measurement of ion emission in trapped aqueous nanodrops below 40 nm diameter.  A parallel goal is to explore emitter characteristics that improve performance of native mass spectrometry using traditional biochemical buffers containing high concentrations of nonvolatile salts.  This will facilitate direct comparison of mass spectrometry data with that obtained from complementary biophysical methods using the same solutions.  The effect of different matrices on protein stability, structure, and stoichiometry in solution are being investigated using resistively heated capillaries to measure thermal stabilities.  A new laser-based method to make these measurements significantly faster is being developed for application to proteins that are prone to aggregation at elevated temperatures.  These measurements should enhance our understanding of phenomena such as the formation of chiral-selective serine octamers in solution.

This award reflects NSF's statutory mission and has been deemed worthy of support through evaluation using the Foundation's intellectual merit and broader impacts review criteria.",570000,570000,566069.23,3930.7700000000186,2026-04-13,Other Reporting,N/A,N/A,2022-07-01,2026-06-30,Mathematical and Physical Sciences,Chemistry,47.049,MATHEMATICAL AND PHYSICAL SCIENCES,N/A,University of California-Berkeley,CA,BERKELEY,CA-12,https://www.usaspending.gov/award/ASST_NON_2203907_049/,https://www.nsf.gov/awardsearch/show-award?AWD_ID=2203907
2217161,Disrupted,Terminated,Charge transfer at abiotic-biotic interface for photosynthetic biohybrids,"This award is Co-Funded with ENG/CBET Electrochemical Systems program

Charge transfer at the abiotic-biotic interface for photosynthetic biohybrids

NON-TECHNICAL SUMMARY
A rapidly developing industrial world requires creative and sustainable strategies for dealing with the unidirectional carbon cycle. The conversion of CO2 to value-added products powered with solar energy is an ideal solution. Combining single-cell microorganisms with light-harvesting nanomaterials into photosynthetic biohybrid systems (PBS) represents a promising approach. Biological microorganisms engage a collection of enzymes and reductive pathways to produce long-chain hydrocarbons from simple building blocks, including CO2, N2, and H2O. Semiconducting nanomaterials are highly configurable with tunable broadband light absorption and surface charge, pair well with microorganisms and enable significant sunlight capture, hence solar-to-chemical conversion. These photosynthetic biohybrids boost the best functions of biological whole-cell catalysts and semiconducting nanomaterials. However, the fundamental electron transfer and energy transduction pathway in these emerging photosynthetic biohybrids remains largely unexplored due to the complex nature of the biotic/abiotic semiconductor/bacteria interfaces. The purpose of this project is to examine this energy transduction pathway, starting from solar light absorption by the semiconductor nanostructures, electron generation and transfer from the semiconductor to microorganism, and then CO2 reduction by the microorganism using transferred electron. By reducing CO2, the major byproduct of fossil fuel combustion, into value-added fuels using renewable energy sources (i.e., solar energy and artificial photosynthesis), one can help close the carbon emission loop, mitigate CO2 emissions, and make our society more sustainable. Starting from the simple molecules produced by photosynthetic biohybrid systems, more complex substances, like fertilizers, industrial and commodity chemicals, polymers, and pharmaceuticals, among others, can be constructed, all originating from capturing atmospheric CO2. Integrated with the research effort, the PI also proposes an educational project that stimulates and prepares pre-college students for careers in materials science and energy research, including outreach efforts at local middle-high schools (Bay Area Scientists in Schools, and summer STEM internship).

TECHNICAL SUMMARY
Liquid sunlight represents a new form of chemical energy converted and stored in chemical bonds from solar energy. Photosynthetic biohybrids produce liquid sunlight through a “photon-in, chemical bond-out” materials/biology interface that can be probed through spatiotemporal imaging, and spectroscopic analyses. Photosynthetic biohybrid systems (PBS) combine the best attributes of biological whole-cell catalysts and semiconducting nanomaterials. Enzymatic machinery enveloped in its native cellular environment offers exquisite product selectivity and low substrate activation barriers while semiconducting nanomaterials harvest light energy stably and more efficiently than biomolecules. Recently, it has been demonstrated that a collection of value-added chemicals, such as liquid fuels, biodegradable polymers, and other complex natural products can be directly produced from CO2 using these photosynthetic biohybrids. However, the fundamental electron transfer and energy transduction pathway in these emerging photosynthetic biohybrid systems remains unexplored due to the complex nature of the biotic/abiotic semiconductor/bacteria interfaces. Fundamentally, the photosynthetic function of these PBSs originates from a “photon-in, chemical bond-out” materials/biology interface that spans multiple orders of magnitude both in the length and time scale. The objective of this research is to design and explore the fundamental abiotic-biotic interfaces of a model system for inorganic-biological artificial photosynthesis through studies on interfacial charge transfer and biogenic mineralization of inorganic photosensitizers. This model system study will require three phases: 1) elucidation of charge transfer between photosensitizers and biological participants in the Wood-Ljungdahl Pathway; 2) a detailed study of photosensitizer biomineralization and photosensitizer-whole cell charge transfer; and 3) development of a functional whole-cell photosensitized system and screening the effects of mineral precursor and hole scavenger on system productivity.

This award reflects NSF's statutory mission and has been deemed worthy of support through evaluation using the Foundation's intellectual merit and broader impacts review criteria.",755000,755000,748637.74,6362.260000000009,2026-04-13,Other Reporting,N/A,N/A,2022-08-01,2026-07-31,Mathematical and Physical Sciences,Materials Research,47.049,MATHEMATICAL AND PHYSICAL SCIENCES,N/A,University of California-Berkeley,CA,BERKELEY,CA-12,https://www.usaspending.gov/award/ASST_NON_2217161_049/,https://www.nsf.gov/awardsearch/show-award?AWD_ID=2217161
2222464,Disrupted,Terminated,Collaborative Research: ORCC: Harnessing Adaptive Variation in Drought Resistance Strategies to Manage Populations Under Climate Change,"Preserving biological diversity in the face of climate change is a major societal challenge, and land managers face daily decisions about how to do so as they strive to sustain natural resources. Climate change is increasing average temperatures and also changing how often and how intensely extreme events like severe droughts occur. Extreme events are particularly challenging for organisms with limited movement like plants, potentially causing enduring losses of diversity or even local extinctions. Management and conservation actions that take predicted future environments into account are necessary, but there is little consensus on what these actions should be and what biological principles should guide them. This challenge exists in part because studying what traits allow plants to withstand these extreme climate events is difficult; extreme droughts occur unpredictably, yet data or experimental resources must be obtained beforehand to assess the event’s impact. The proposed research will take advantage of a decade of collections of the common monkeyflower, Mimulus guttatus, made before, during, and after a severe, multi-year drought experienced in the 2010s in the Western US. Through studying what genetic variants and characteristics have helped adapt different populations to long-term differences in moisture among sites and also to this severe contemporary event, the proposed research will reveal strategies that may allow populations to remain resilient in future climates. These predictions will be tested in field studies. Through workshops with land managers, the project design will be informed by relevant stakeholders, and the results will subsequently inform their decisions.

The proposed research will address this overarching question: what genetic and organismal adjustments to drought resistance strategies will promote local population resilience to changing climates? Annual populations of M. guttatus, are widespread but patchily distributed across a landscape over which the seasonal timing and severity of drought stress is highly variable. Although M. guttatus populations show multiple genetic and organismal signatures of adaptation to spatial variation in aridity, recent work has found they are becoming locally maladapted as climate change causes increasingly drastic disruptions to historical drought regimes. The project will intensively characterize how genetic variation acts through regulatory networks to adaptively tune organismal strategies to local conditions and ask whether the varied eco-evolutionary processes that unfolded during the 2010s Western US drought are explained by local variation in historical drought intensity, local standing genetic variation, or seed bank dynamics. Specifically, population genomic analyses and in-depth resurrection experiments will assess how genes and morphological, transcriptomic, and ecophysiological traits evolved during this severe drought event. How drought-associated alleles adaptively adjust these traits will be tested functionally by gene editing, and manipulative field experiments will evaluate how these genetic and organismal factors enhance fitness under current and predicted future drought regimes. All experiments will be structured around a common set of genotypes, and the resulting synergy will enable construction and validation of predictive frameworks for inclusion of genetic and organismal data into assisted gene flow practices as a means to promote population resilience to climate change and inform critical conservation decisions.

This award reflects NSF's statutory mission and has been deemed worthy of support through evaluation using the Foundation's intellectual merit and broader impacts review criteria.",921095,921095,758954.5499999999,162140.45000000007,2026-04-13,Other Reporting,N/A,N/A,2022-11-01,2026-10-31,Biological Sciences,Integrative Organismal Systems,47.074,BIOLOGICAL SCIENCES,22-513,University of California-Berkeley,CA,BERKELEY,CA-12,https://www.usaspending.gov/award/ASST_NON_2222464_049/,https://www.nsf.gov/awardsearch/show-award?AWD_ID=2222464
2230636,Disrupted,Terminated,"SCC-IRG Track 1 Designing Smart, Sustainable Risk Reduction in Hazard-Prone Communities: Modeling Risk Across Scales of Time and Space","The exponential increase in extreme events over the last decade compels new methods of managing risk in communities exposed to recurring natural hazards. This project advances the National Science Foundation’s goal “Growing Convergence Research” to enable smart and connected communities by initiating and expanding collective learning capacity through integrating digital twin technologies and social games. This project proposes to engage decision makers across sectors and scales of jurisdiction in managing risk by reallocating attention, time, resources and overcoming barriers to act collectively as hazardscapes change. This project will use the threat of wildfire across two communities in northern California as community engagement study sites. Working with thirteen community partners, the project will develop an innovative sociotechnical digital twin of the San Francisco Bay Area that integrates virtual models of physical infrastructure systems, social/commercial networks, and insurance mechanisms that distribute risk over space and time. Serious games will be designed to activate learning processes inherent in play to engage community’s awareness and commitment to collective action. 

This project will use a complex systems approach to hazard reduction across multiple scales of risk by developing a new generation of socio-technical digital twin that integrates models of physical infrastructure systems and virtual networks of communication with social games to engage community stakeholders’ awareness and commitment to collective action. Using a conceptual framework of complex adaptive systems, this project will investigate whether community learning processes that focus on cognition and action will mitigate wildfire risk in the short-term and lead to sustainable adaptation to recurring risk conditions in the long-term. This inquiry advances risk management theory by testing a prototype sociotechnical framework for developing shared knowledge to support decision making by multiple actors at different scales to reduce hazard risk. The sociotechnical digital twin provides a macro view of risk at the regional scale, as well as detailed views of interactions at the micro scale, essential to manage operations. Translating risk information into formats that are easily understood by different groups and embedding learning processes in gaming scenarios to advance risk reduction is transformative. A major goal is to shift the perspective from reaction to extreme events after they occur to anticipation of risk and mitigation of potential losses before hazards occur. Using serious games, a process of iterative learning for diverse community actors increases the level of shared cognition of risk and commitment to action. The project will engage under-represented minorities in affected regions and support decision-makers in vulnerable communities.

This project is in response to the Smart & Connected Communities program. It is co-funded by the Advancing Informal STEM Learning program which seeks to advance new approaches to, and evidence-based understanding of, the design and development of STEM learning in informal environments.

This award reflects NSF's statutory mission and has been deemed worthy of support through evaluation using the Foundation's intellectual merit and broader impacts review criteria.",2500000,2500000,2053465.1099999999,446534.89000000013,2026-04-13,Other Reporting,N/A,N/A,2022-10-01,2026-09-30,Computer and Information Science and Engineering,Computer and Network Systems,47.076,EDUCATION AND HUMAN RESOURCES,N/A,University of California-Berkeley,CA,BERKELEY,CA-12,https://www.usaspending.gov/award/ASST_NON_2230636_049/,https://www.nsf.gov/awardsearch/show-award?AWD_ID=2230636
2230766,Disrupted,Terminated,Four Networks for Geologic Hydrogen Storage,"Every year, large amounts of renewable energy are wasted because they are produced at times of low demand. Some of the excess energy could be stored by splitting water into hydrogen, a flexible fuel and useful chemical. But where can hydrogen be stored at scales large enough to impact the carbon footprint of our society? Underground porous rock formations may be able to store and return hydrogen. Natural gas reservoirs have trapped gas for millions of years. Storage in depleted gas reservoirs may also provide new economic opportunities to communities depending on fossil fuel extraction. It is unclear, however, whether hydrogen can be stored in rocks and retrieved without economic losses. Addressing these issues is challenging because, beside the safety concerns, hydrogen can interact with minerals and microbes in ways that alter its usability and resale value.  The social and economic impacts of a hydrogen economy are also unknown.  Here, the team leverages expertise worldwide to investigate the scientific, environmental, community, and economic implications of underground hydrogen storage.  They carry out state-of-the-art experiments to unveil the chemical and biological transformations of hydrogen while stored within rocks. The goal is to identify the best natural reservoirs. They design a full-scale experiment where storage of hydrogen can be tested in the field. They analyze the socioeconomic implications of transiting to a hydrogen economy. They assess the opportunities and risks associated with the emerging green hydrogen industry while informing interested communities. Such an assessment is critical to unlock a growing supply of clean energy and distribute it to the public. This project also trains the future green hydrogen workforce. It provides support and training for 1 postdoctoral associate, and graduate and undergraduate students notably from underrepresented groups in science.
 
More specifically, the project is organized around 4 tasks. Task 1 uses experimental metagenomics and geochemical methods to understand chemical and biological hydrogen losses. This task outcome is a thermodynamic biogeochemical model to predict the f